,customer_ID,target
0,0000099d6bd597052cdcda90ffabf56573fe9d7c79be5fbac11a8ed792feb62a,0
1,00000fd6641609c6ece5454664794f0340ad84dddce9a267a310b5ae68e9d8e5,0
2,00001b22f846c82c51f6e3958ccd81970162bae8b007e80662ef27519fcc18c1,0
3,000041bdba6ecadd89a52d11886e8eaaec9325906c9723355abb5ca523658edc,0
4,00007889e4fcd2614b6cbe7f8f3d2e5c728eca32d9eb8ad51ca8b8c4a24cefed,0
5,000084e5023181993c2e1b665ac88dbb1ce9ef621ec5370150fc2f8bdca6202c,0
6,000098081fde4fd64bc4d503a5d6f86a0aedc425c96f5235f98b0f47c9d7d8d4,0
7,0000d17a1447b25a01e42e1ac56b091bb7cbb06317be4cb59b50fec59e0b6381,0
8,0000f99513770170a1aba690daeeb8a96da4a39f11fc27da5c30a79db61c1e85,1
9,00013181a0c5fc8f1ea38cd2b90fe8ad2fa8cad9d9f13e4063bdf6b0f7d51eb6,1
10,0001337ded4e1c2539d1a78ff44a457bd4a95caa55ba1730b2849b92ea687f9e,1
11,00013c6e1cec7c21bede7cb319f1e28eb994f5625257f479c53ad6e90c177f7c,1
12,0001812036f1558332e5c0880ecbad70b13a6f28ab04a8db6d83a26ef40aadb0,1
13,00018dd4932409baf6083519b52113c2ef58be59e1213e4681d28c7719a65ddf,0
14,000198b3dc70edd65dbf0d7eddbcb926c6d7dbd7986af19d91ef3992ae3ab896,0
15,000201146e53cacdde1c7e9d29f4d3c46fd4d9231a3744aa39fb9c6afa79b708,0
16,0002d381bdd8048d76719042cf1eb63caf53b636f8aacdba49365fd1ab7d0f36,0
17,0002e335892f7998f0feb3a59f32d652f0da7c85e535b99ea6f87fd317ed47f4,1
18,00031e8be98bc3411f6037cbd4d3eeaf24b3ae221682b77900533c9bb36ec41f,0
19,000333075fb8ec6d504539852eeeb762643562e701ac79b2101ab0f9471eeb5a,1
20,000391f219520dbca6c3c1c46e0fab569da163f79ee266b2cc95fb31029ce617,1
21,00039533fe0b61bcf1ec0d1aefe6acb5469ea0f0d1b0ad59ae721e5b86db12f1,1
22,0003b7891c49786441d138c01f55f1712df645989dcd2a83106ab4a229fee72d,0
23,0003e58375faf90552b2861c1ccea4ee5757827cbb6ecd15a334e47e95774185,0
24,000445609ff2a39d2dd02484899affa5696210a95f6869f26390bd26eeb3b651,0
25,000473eb907b57c8c23f652bba40f87fe7261273dda47034d46fc46821017e50,1
26,0004837f0c785928a29a6f83f70f4a1c54caec483a773ff4b5b317ac251abda0,0
27,0004860c260168fcaad0734a1dfedb7ceb1a83aaac54e24c27244b77308fd8b7,1
28,0004b8596c4946866d1b27a8b40488ecf49c6eae9c7bf4afcb6a8642b321124c,0
29,0004e00358fc4dd633e491c8090a0794b6165ed9a7e60c02bdab9ac745f661c2,0
30,0004ec03ca1ab2adb9aa260c61ba5dce8185e19d3ab704029f989240c733b6d0,0
31,00050d84c6d26e26cd2b18c3eed83d3130c270e2361470ff272f9409103d067f,0
32,000548e99fa24cef8377e68e602e4bd70d30500a007999236e13f58ca8a259da,0
33,00055add5eaee481b27e40af3f47b8b24e82c1e550f6ab010000e7685692f281,0
34,00057576e6eab4633ec2893ca7e0ab76f2094ad2d43b1e3749db49d51e064ee9,1
35,00057c2d8d887fa3f777d97dc939700731575772e6c99025aaa0ab56870353ce,0
36,0005a6ae24fd274640a237ea56c43b1ef9e32077ad168a90d464dcf2bd5976fb,0
37,0005e52a3fa31b7eed49ceb576f011433ee2578833cd3f9d51c9dd9448a198ff,1
38,0005ef1480ffe4f0e5908eae07db8e05f2e705bca6a57db3b97d1da2eb6c7cab,1
39,0005f2ab0cc352cd64eac9e60b981ed8c3289d20fa5fcef78973c468916fdfc9,0
40,00062483fb33d6129dd4ee7e5a12f751d2e7010ac0df0178997c628883695603,0
41,00062d39ff054c4e18d5dba3b988c94277246d2d4aee42e588c62bc8b3ac1f5b,0
42,000664572b701ea9833f05597f0c5347f471737baa925a3c2829c84df4606d46,0
43,000678921d09c5503d34055ab96b150a972f59a96471b987415c21ba1e86605a,0
44,00067cdd68211fdf71636823c827371a070c52417d4ab364309a0d9e5ebbd8cc,0
45,00067f4aed8cf43b16652c966860774f650420ef7a306fb9769f14858d87ba9f,1
46,00068f00a4ddaa53b75bc7235f13a42493eba75792850e49327f2cfaf1ae6791,0
47,0006a80d96aec1d178bf74adab6cbf9e4bf427a6ba264fefecd53a4c1233cd21,1
48,0007138953c25a3a7d8f48cf60dd6e9ca4a77d9e945a443f986062a95f795c4d,0
49,00073f1912e2151e987a71b78ded23870729d7fd0e6b94b217aa66dded29af8b,0
50,000772ede38fe3811dea0dff9dc50e2f8b7b577ab6f143c034b2dbccee197f57,0
51,0007764443c6d098326549271e1d2613b111acafd039e96df124da7770e4fa70,0
52,000790f99df4c2a0eccd9ba5db78fd81e6a4b88b3d7f203ea9810d2e61bc1f5b,0
53,0007b7b197a68e10925e2b4abf89130323ea2a87deb8ada24159a249b6010516,0
54,0007ee1ac8edb6be588c6c8a158d2268e3228c49cf52773d168012076c118e5f,0
55,0008c2f297e1b00bf567c0d2c25f3e3b356f9a3088d2bf47aaaa724d26df8787,1
56,0008ef32824d3067b4d8ab70e7c79fa04c808f4d99194fe9c7827dac8bcf0b5c,0
57,000919ba92d9a04c28e1e49f6cd855ca36e1df7c79cc0583b60734da25265fb1,0
58,00093b69756b1afe3029c79b981e8d699b2a48bf4464a9d4c8432dc2bb45372e,0
59,000940eb997a3356d782e519274accd60c1f4f9af86dde67552d54ca4c619fe6,0
60,000962b331f602203d5b5fb41b915893e74db55534182d4968a3423c19258584,1
61,00098cc74b9a5113321817176656d2d75928c363cc45ab81502f7239cae2187b,0
62,0009a85feed29c69e41a1dfa6375ba7010870adbe7550e4ce2f1d4c564db1691,0
63,0009bd8871169b8d76a445e1f52079a6edc0b6f0bf021d5ec50ef6aa6487cc14,0
64,0009e1a505be8b131904d3908b9d6e149108859a37cd88d760349b52751fa2f5,0
65,000a1745b0fba14f100603038675e879651f9af9c729c523a81bbf93dacf0e57,0
66,000aaaf8dba0cf6b0853a317d5cd4a8d581b529e5d85119101c05b8ad16190b2,0
67,000ac434614bed68129738742263a6306192132f904a83fadac1553955d1f0fb,0
68,000adf2938f771f75a581b65107024eddeae70684778c0da9b94b261b836a940,0
69,000ae3818c26d56167678fde3b6238888d0f802c02f4bfa8352ab0c614df776a,0
70,000aeb78bae8b5dff7906f5d3a3805e24856f437c7e95d26bdae93e23aac47a0,0
71,000b30e00a2a37b5ae325fa3830c9b2b6365b0c17719c9d283d66c0fd2284f59,0
72,000b48231b7fad0e00ce78790df80ff94bd890eaaa8c6816fc897bf97505f7bd,0
73,000b6357c2a736700113519ea047bfe3d38a6dc2a89d798b86c184fd4673f802,0
74,000b789efc34ef75106b9e135dbeabd0408e0735fa8b2d046df6587c49ccbeed,0
75,000ba16037da23e8601c4914b8d638bf4bb834fc1c7b9a513927f1cb26b26204,0
76,000bbcea7cf6a9d74b2ff2f6fd4fa89a4ff4c419a8b569eb167717231edb7ccf,1
77,000c36f7b5130de63c1b7ee4bc902ba51aa8ae1f9cd1cee254892b0b06011cb4,0
78,000c57a2ca053e6ddc51fa2eaac470ee96663c2b505916a73ba944878d20184d,0
79,000cba133a9f5634a0f3e56d439ae774a819292301329551531a54791169abc4,0
80,000cc41bf286c67da129d61340c7de52adf8636b42a4a74f1cc2129390ce348f,0
81,000cc98607442c5074d368870a7fa3cb1634147af647f1aec9c99175aaf0c7fa,1
82,000cfb5aac8db50185898fa111be535e4530149f341a9a4d7ad3bd9b7e14c281,0
83,000d2c718af00d1b56d5717738b60f72766ae487b0eceacb17250c543e2c23a5,0
84,000d31f624ba226a4ca7249b489c440abd793f30b3d2e3abe9f003fbfc157f1b,1
85,000d4be985f5eb4f752ed9c0e3e4e11261b86f00e28082be1e4ca044485a9f24,0
86,000d83d6da1c0d771f9ec471741b0dae476196bb05451bf29df0a8e0a089ef86,0
87,000d848df79e239601299a543d77e5bf35edec39f53a49f449ca29c08079f535,0
88,000dac810943ef22598f3e650b91f667517baf45cffe11886723512939905d14,1
89,000de143ca96be8fa6362e55dffe94a0bdaf347d993160fb1e11208d7ecc0597,1
90,000df7db33e45c5151ac69f400db5d4c283be4ca2bf72d101e49b50b72212ebf,0
91,000e06b7ac3f3f4eff61b316fd02a4624f8d5196e18af0083f0e22ce70e9bf67,0
92,000e2c816db921b0c4a6fea72e32af5d81f7f41f8b11e16cc2ac31fca793bdce,0
93,000e6806ba7de2cf7f189c7a0719f13f4cf8e7925a3ebb0c86655bfa1f780087,0
94,000e7954b7687713b64abced75597e6d20e65e805ff8b594efb579ef6b23b4cb,0
95,000e95de2a94dd09611f0d330e65022ad27ec1dbe3adaa72525b3ebb4d3c8a81,0
96,000ee46c042bfab551c28d92c93969f8a3539fe1e9fc9cd2d2e188f838f7d8ba,0
97,000eee12732c9c7b790870c556bc33339d6d17725cbeb4a7da6b2a5d2c8386aa,0
98,000f1c950ae4e388f44e9ba96dd6334dfa85d8be0416d9d0d30228301f2e4cc4,1
99,000f446ef66e08fddf9fd852afe788386bee2e333a7d70a815ce7a7f1c88e504,0
100,000f4b8159b2bbe635ace9493931e7ada2ddcb3fdc2f88fbd9f89d463b93b06b,0
101,000f6da00ca504da14c0079936e8dc9f4971fc4405e45db424848a3015dde525,0
102,000f8675ede66cc6affd4c048db11a00246d7ee623f453aae22d693c4a82f832,0
103,000f8fcfe7ca030fc553a55027ecdd0219fc8e2794c9af713f1ace182fd3064d,1
104,000fbdd8416278a0be960edf1b06e37eaa94db5c3536fe91eacca2b83119ad5b,0
105,000ff27e5fa776da26ae9b404699acdb036f79875e466cecf05765dcab50d447,0
106,001089806583b378098bd81a88eb877a821202b1dfe257f963835d803c4debf0,0
107,001089b6fb7c690f753cf4b6f05344e693f1c9248bd642d30e5f7762694380ab,0
108,0010fc44055df7e9d81c24dcb4a9b10c16a1d01412c12c053632816a12b1c1a6,0
109,00115d9ba7650295cdfc73537fe5efad4f3de6838064ce805e5ede8fe772bda5,1
110,00116df300d0b6762bf4661c53fa499bd4b8915b6a6636012f1000bd30fabac3,0
111,0011c2e793d6eded8ab7d4c76c14278bfd870ab91918a17fdeba7d287f0051a2,0
112,0011d1930636c6a57fab755d232cab01d68d838a090ca348b0c5aeaf66e982a3,0
113,0012251d7f58c0b74b04235aae964e2bd0057f9063c3b43b628ddc4da73dac32,0
114,001248c3a0838fcab80ecc8693ac841053c114b9b1316dd60057e9ebfb992577,0
115,00125d34dd5d1927e7a37a0824aa449477a596240870938999265535443c6d34,0
116,0012ba67e6f054122e685070618c45c5cac9730ca60415710a629d8c5f22c58d,0
117,0012d8a68050cb362ce5ea56889ab5a6f47b93061b2642e88df269a757d257af,0
118,0012e41fe6caa3ba31b55b3de2030cbb77b01203aeb4a5c6677de5b80f15cebe,0
119,0013037420169086d185f38034d9c49d748867436f88113fa2680651b9c98384,0
120,00130d73f6ebd4c0066dd5ec5c290378ff29d4fc62c17735f57f88cf3ddbb1e7,0
121,00133365385097cee11a8991c143e1bfb2700b8dd8a2130ce654c76af59f3b5e,0
122,001367d141f4934b83746b5f9c0335032b48f45c63d9b7e29a0448ce5c49389f,0
123,001371860325f7efd83b1351d5a9866714f0a304ca723cfa2ce579f8a8f03fd6,0
124,0013aec23ec43115b36503ff93354be5ef6be81071cf8abb5301740a15d3c1f0,0
125,0013d20434fd2e0953a135662fe2ff53583153b6bdf6734c7610d93166f2f283,0
126,001404030d4c78b76bf02e809387611bdf6b708a42c5890ecc057970b51bff87,1
127,00143562662d1d9dd8316e172f7341c009d2999f59ebf002997f980a45edc754,1
128,00144998273d201cca895e6b7cf7f637abfbcff9fb59c757c54f7a245e00c3cc,0
129,001464e684ef9332f7dc98b2e4bfe8f9d37a0327b1fc4cd1d461c1d78ed76afe,0
130,001468095f1f3d2b03a6f5a5b98bd96fb1fab062796e53135b66e95e9814f4c9,0
131,001470351ad71323caeb224578fde4cf9316c7813a28a98ba028bf3b9d70cfa3,0
132,00147acd28d88cc2e85209eef8b2001aed34d811e76ff1218dc7eb482f00e1fe,0
133,0014817ab56d84f62bf5f8a34e95b0338e7c21a71281d154661515bf602d72c4,0
134,0014a1298865808ebd775c14c8a1b7cccc80affd9292097477377eb7835895ce,0
135,0014a144633289401232618fa318c27017c3310e42e306ca93ed3e17dd65bbda,0
136,0014d127fe17a4b9a25e73c4bc207f3ab2aae8f870e546dc30ddcd231a816e9e,0
137,0014d951622647e823722b75013b52df120f9ca0f8acc57321616e6a4a1f80f7,0
138,0014e205f5024d839530a6895edd5151ad5378ef690941ef24f5d92e1cc16982,0
139,0014e4c67ceef08a476bd84f4a64dd66360c9c4df7caca2b08c705798ba93dca,0
140,0014eef7b7aefc114ea48847275fe8e5c14455e5adb43a7487498aecc39d258b,0
141,001520e3f8e1500346051bc74ab3f17371d56ec15062572a815ffbc42205fbe6,0
142,001555fa1e938a37a12b972a7f4457eaac6c87975e37584ce15dd323d9f67bea,0
143,00158cf08fcf7ec058529dd71b4cff04ce89314e79840b76a183afa0ae941c34,0
144,00158d184f930e405cfd489bb7767faed1533df6c7552587643baa878bd04a00,0
145,0015d621bacbfd59cc1479aea405645ecb480f6ee779e06d66ce55da3bd397fd,1
146,0015f17c5ac57874c05c4a4d0f9b59fd352d2d242d5f917c7ca05b29d96c8b6c,0
147,001622b52f6cf47344ffc23ab4e468fc33104a52147a419e18c855a027035d44,0
148,001626099060b23a2fccf651dcf67b1f22aba9f24433377e94bbad4daa64296a,0
149,00163cf7b8cc9cb2781ac05331d83c3ae7720f4860ee8aa2a3f0fb70b13f2f25,0
150,0016b9485e459e660a7b05fa1df47c5e206bb3e62836b9c24e004dc87ec7a2fc,0
151,0016cd50ff138dfeb9debf1cfcd4cb086f6e44507061c7389b2cab8e7283e752,0
152,0016f5abba737a65efb60e50c9088ea2ae3f5d157f0c0030eb488b1de0457cd5,0
153,0017039b6f3eceb538de3d312f77028bf274cf61f992a3990d0fcb77883846e5,0
154,0017487d48be1c9137ccd39585bf718aa0e97c12925326c7afd4df5a90a0ce83,0
155,00180f888f085461977442e936ab051e02fdf3ea94c2a1b6d900ae234758ca49,0
156,00184f2c2f7711251d61f430f47014e398238b6a097aa53a121e28f4055241f5,1
157,00186b3924dfe0b73426f31ac691a272697c0794f512d613fb200e4fbdc4c198,0
158,0018753794d55ff4ab24aaa7f8e65d504fd1efbf04e369f166dc2f2158513462,1
159,0018b9615720ef360b4036fc8abc25f5412c4d258d345d5e040c52382ac802bf,0
160,00191800f4a05e90f0afdede2c04fecc362f48be289ffffee67ec5b431cf297e,0
161,00198271158a46bf89b3df6184e3a84bbe02331637f56e7c22d502da5805c487,1
162,00198d342a10d2153efeff31cd500be958a226204a6bc3058e17fe51dbd27a48,1
163,00199bc3b3a6c6ed3e418dd53721d1c29da9bbc29f00bbd922204710eac5c8da,0
164,0019b0b705b2aa3aaaec7e1d74b829dee8a38502907597de78c252f5c2670251,1
165,0019d00f6dcd584a6829b7b971e2f3394b9f2bcccea73457e5104bc52c3ce1cf,0
166,0019d85b7b76f91d1a9be0e2344acceba20ddf500b7a106963decb50aad22209,0
167,0019dd523506d023120548b46061ed4a67ab6e1cd88c6a90108ec0bffd88cf58,0
168,0019f78139490fa4b5d8c589d87656d7277c47d4177b7b607d47b93545962080,1
169,001a152e1893ab8372e7c9627c9de2e024399f2660d5d8c5dc027bc5083144a2,0
170,001a269af6a59cf414110824defc752f363f7c0dc23af3bbe7edf25edb9923de,0
171,001a3fbd90f8063452fb7e136b6e2d4b43e111433ebd579bcd8ac39129bdf89e,0
172,001a4c2322fbacb33598adb0da17c43e18fadd129bb1d71fad52173da8e1c053,0
173,001aca2a9e2932eeaa19987bdc6e10859e8724696e3ba1da21bc075afb8c5e50,0
174,001ad1496eecc50eab1dbddd669a824cfc257cab6297d7e86f10b8c15bc1a8cc,1
175,001adb0774c0df8e6405c3f27dd84887b633b8143f9147d0b29a3dcc3489caa2,0
176,001ae0d30660eb6a5182b87e7d6869d45f53892edf993435538104d0db3347ad,0
177,001b32e4a338c536f2a2237b90f7c40b19455ad2aad94f13d7bbbe0d2cd55667,0
178,001b34655780067d806954c2129027718512d0ddf1b0f11b8da3ad6af6926511,1
179,001b3bfc1c9791df630786495eb9f6d7b6f0a3f213d6819652d2c42581a16493,0
180,001b7e638f4a586101544c5a68c1d62ac5db920c7498f363b739fa46e4ba6acf,0
181,001b7ffd50e362afad337496077d43ec17ad1a3f14cd9652b3b1065c9e208589,0
182,001b86346f6b042e0fde740d586edd2eca871141e4d890107976692bb1f3d936,1
183,001b8b68722cd18ec85f1be00f0d4bde43a27931057eb4f93faa75c38ed244df,0
184,001bb176e664951c898309e2fb39d0e9c76d0bded13514d8193c25867eb05d6c,0
185,001bb94dc268e39c9345ae6d3d3c07a87791092ec63d955a897fd1ce5613042b,0
186,001bbdaa59cba9f0a65c50c808ccae731c8fd947b69eed5cb9f744d005c68981,1
187,001bc08002389732bee5aede54b2b97d226136d15e61a6a7e4eb3344698cad92,0
188,001bd5815ff1a2dc44f627d298ae27c2d89fe7f37a9e25cb5b6c085803f36010,1
189,001c135588af2ae218a4a69f2acc6fe6b91f72eb470d82eed49019275475d175,0
190,001c886240970cf7f9c6092f0f8bda6d17100d4ac244d5fad72497711ce2d341,1
191,001c9e6229cc6e64c6e45a4f8a8cccb572abe238224afd6a705dbd0d472e6e4d,0
192,001cae3f34d6fade52105a5bdace54faad96eaff5ebcf6173a770f981c2c2555,0
193,001cdb20ffadc532a456ed4d8af7f8d6b9e1924dc867440d6b79e0eb6dd60739,1
194,001cde1044b029fab66773573e6c69c7270b0c0c4b94756ab2bd071f907167bc,1
195,001cf7c4466fd79fe548cf3cf8603efe2e89d6b25e457014c26e3fea9c361c37,0
196,001cff857e3644b5d2119188c19036948979eddea5db37dc23720c1a921721ee,0
197,001d09cc9aa6ded94f20db9cbe0b5c384945e716b9f16b13ca3a63f70059c904,0
198,001d1f5a920edbfa679f09be6319f95531020b8be9a5b60cfab92b35747d1edc,0
199,001d44e49a002e8e641d3ff4dcda79aaaea657bc8857bac4173762b3748bfed6,0
200,001d474dfb85feeabd59ae7b9d11cbe171c32bb8b0d95c5c88ede77aa4fd7d5b,0
201,001d5bd42389cd1cee3f0a51f1604f1cf260102253190690451c10ac221e2560,0
202,001d7c75a4bbe4653d80a8ece03f356fb406dcd551151730cc0da6d521d012d9,1
203,001dd05e0f5c28a08463f1715a096aefd7062bbb3d7da582ef1d0104f2d085d0,0
204,001e0caf68a69655bd8d08f13d3a1f022ffc199af27ccc612721d2b988b19968,0
205,001e2035091bc8fc6d3a772a944ee965dc2abb67c195cfcfa7c61b88eb77e969,0
206,001e2ceaf1421f1477c0de9ba1c9357b9d278f7b670ab71f5184e4a2436061ab,1
207,001e31ec62f389987c11f4a164245cb84b1876c7c814453461a617b4b326ae18,1
208,001e357892288160c5e16cd84e79c1939c3caaa2cfe60602204628a90ef0f804,0
209,001e505b4ee0ca27188921c511fefb2de57406cc647aebd23f1c55312ddf206e,1
210,001e59e35cb9fff52215ec8ab07f325555364be80a409b873e2a7546663be173,0
211,001e73379368079e9f00d72d4e4839dd6c684a8c9f34aaec51eaaff3c02adc58,0
212,001e8217c5b5dc672993bce94cee7dbaaea8cc401244979e95ad989dc4efc90f,0
213,001eb25f7956562f26228d307942c5a40b7eee1bb9b98791c726b16f0a0e5c0a,0
214,001ebaf0a7d91c46709feff7129c9ed613b9a25d9b07d97e9dda8adf3c5e983b,0
215,001f0681a75ca4c48191fe04f19cf5b66c6ce0c546ad4a3e61f2fa5ce026ae58,0
216,001f781c7913e962b9fcb8e7001663f0a31e0646b857f0f57643942de49d80a5,1
217,001f84a87e8bce32612d776d2ac0e2ef42b3e5c619d2b289bac1552634b8d539,0
218,001f96314444a9296f5d5322fe6f9b647888127286ab0d3a8d356202bb88557d,0
219,001ff5350ab524ad281b84d191c1d196bb575935ee0bb72405be692c9b0eb1a5,1
220,00203c34f17229aad6c484fcd71e4aa540065c60733d7fde0715777a53787b29,1
221,0020428bc1416872951c7405ff9d384e448eaadeee4b893876ed39b1d881795d,1
222,002071212ea5e4a9d45f96003c41a784715014736ce63eb8f6c62ac075be28b2,0
223,002087bb823a03362cb7bab0f04164f3a4abd1358c1cd4505463ff0463af77b4,1
224,00209fa047a2bedb391dcdb7bda23f1976adb3d382d039bdaa9b656398def9b4,1
225,00209fef142c540fb6c1f521f65825ac0b514ac53efc3486d80186064e1eb969,0
226,0020c0d122674879c826799724a4d6d1c5d3de82fdec4afa18c2dad3c84c3e6a,0
227,0020f8282bfac35e4f1f7fe5b59b2bcc9df6c3fd25ccf210de579f6bc9a23508,0
228,00210a9c1561549cd90bcb3b1cab8d2ccac151848198514f15c66fcf08a9c844,0
229,00213e82686dcded496000d4440b2d94aae70e815ab6551c3e5570118eb1d160,0
230,002159884afacbea46113434fb368a58cada0185266fc239299035e6f648a54c,0
231,002161a6cf464a69978d4459cc85af8bf6ae4f03efcd9cafcc474f5d9d649285,1
232,0021abacf5a46170a4db2cf4d3f133d8823f691fe927ab26a4e0b9c00519218f,0
233,0021daa696e5e63512de8297bbd3b9cfbf476a34309d6e2fd71d72ef6e4538db,0
234,0021e230eafcb9f8229d49f717602e6dff5d3448041f707527f6e037540907f1,0
235,0021fda1616bd44277fc444066dccfc5078d7625427e69845be6b212317a4556,0
236,00225149c16c9a4c37a3e97ee0358ff482e588423afed1a79b0304221ee5e8fe,0
237,002259d195fcb87b15b98503ac5d2c4d29bc8383053ca3ad8951c598fbb6812a,1
238,00228dbed3f091f95c3668240a9e304551e8ca063b534d8cf06cb85b7aae7491,0
239,002296c2308b09fcd67c4b1b24378843c3237e1509a23913141fca18524a1781,0
240,00229b900623d8826af93d0246efe7434a56c42c35c9f239728ebb50833fdcfc,1
241,0022c2a2417deff2632c5f26a23154ab2b5dbe3c98bf73467aeffd63b9eb66ba,0
242,0022c67e5523bb50b4d15fd20a7db6add64dffbaec7a38c3a61457a91872fb77,0
243,0022cda28ca2851c2b46b4bd1615f6d4a380710585b1bbb0db35b3ab8105d77a,0
244,00233f65ebe2a29b2625781b3eaa3646dbe470285695cb2bcac4a883e90126ca,1
245,00236b7198b9c9a91cae37603f0f2c50d9c6a089788a4cee7057e9be69eda1ed,0
246,00237aac0b2f8f6765ab8ac6ea3212afa40fab21dd3470af6f78ac4ff7b98a5b,1
247,00237be3e4f95823b5777a4bfd96a0eb02c9c34227279d4021c48c639bbded6e,0
248,0023881c865b09ce459e27405bf23da2eb39d57084a5446d7e8e1085a171a805,0
249,0023b642e4c492117002174d12b6509635b609c3d83a90ee2e859471394e4cef,0
250,002415c4869a42f5abc32afc8949a79539166e976e3e7324ab3c648b3d73e179,1
251,0024753e67ff07c9b87a98b45ccb4e8a6adf509bc38d9c50a5bd86aa45339db0,0
252,002495b4dbef63be0581e1763ba67322cfeb9d4da17c0c1a111f60f0517fd86a,1
253,002495e9c135c7a01a964ba0def139b23d5e66927186aaf914d997390175d963,0
254,0024ac40b501559a3eac7b555d0809966772cbb7656dea5d7662454e392dc641,0
255,0024d9dc667535be8ac3d513003e4190cd687cf7d71008c4fd6a88ebcc34ab04,0
256,00252a52c9d997f25742e8d4e026cda5b1b94d33a850e3b2dd13de2609c31e6c,0
257,0025bc382de57ed77c1688817331aedecf4195c900ff0b55c3093a6c69aff37a,1
258,0025e7e51155da48d85ec08007dad0a7b981a88e88dfb795eb3f6f905759fb9c,0
259,0025fbc119154ef74871fd820ae5eadf602e42995c7b7b104c9f3e3d6da71342,0
260,00260f508cae134b286fd4deeeaef5b7dfaf92c53e147d06c7794d9f72c536f3,0
261,00268773e3b07b3d06b06e41f96d460184e3a5fb3a4f44c79d1d6bb9ee512f71,0
262,002689a0dfd98a10b1db28c4515c8ec5106f07e0837271a9c5b2a8b12236d511,0
263,0026d93c0e76d575f1e7120d5bd83bac6b1ff4c8ebe65289c80243d6f80df250,0
264,00273a85b50fd2f0db9b6ac44b2866c4a4548e508492c1d7c149efba0608b9b1,0
265,00277dfc8e04d2617873acfdca568a94f49ea8f99c81ade27303d3ca9ef804e9,0
266,0027871701a9fbaa3889316ecadbb8b7f3564cc71507273aa45934a6bc9fdf37,0
267,00284a5b7b7263197c4e728a91609381af305b9cf7a04c1241cfaac199e68507,1
268,002876fd0f5efc5ca084177ebd0dcb3ce096f5422b93c316fc56833a8bd9f85b,0
269,00288bdd72b037c39540af3ec7f309cf00378ff4889786c50fc025c0d9e67ae5,0
270,002890a84241e45593a3fe6288836eb5a5f128eeaef7fc2a5b44f376cfbc1480,0
271,00289ca330b21a57eaf8d2251ae52e007ba2baea743fa6e0ad153828a1ba411f,0
272,0028c7d508f727f63d5d81e667ce662946e8a36e07c7d34adebdb1decd312382,1
273,002905d909ed33590b535fd0ea8d8460d9930ae0a387dec48c547443a7889d99,0
274,002907d1006ec299d6b4c756ed92920c915ddbbe34434a4a667221ce259e0b12,0
275,002917e61057fe0fab6a86b0a3dc4ebd104de633bfb1d1017ffb0ecf2df8a706,1
276,002918cd5d64f47f6e1390b4e78cac2f417c91fa134d9bdf6b80b5e8bc0911bf,0
277,002972bc21889b65af21667afbeb986fa4fa097469308848a3fd171fafbe1de4,0
278,00299f4c6497510127af0f53cc0b363a9021ee71a9aa708a3869618d34f1790f,0
279,0029d45c7fd5b96eaeaef3dc73d88a9aa0f9bf22c010ac78e0cb59a643379fb0,0
280,0029dc52de61302d1db0a2bc4a2649c0cfe3287b493db39a9e20d23d791b2a11,0
281,002a5292e5bf39183ce10d0d1dfb262863f06cf6cb6b2aa76c7ab307abf047e4,0
282,002a89c08c62a36e0c08816bb4f6eee3b3baeff362f2a0d1df2475c56a82477e,0
283,002aadcc911c73d7cfe49da42540698f87bfc01469e791ee233cb272a5971276,1
284,002abf4ab6b6b6b1f05369304c0dc8ec61ba078abbccdd015d7d7136dfda6ca6,0
285,002ae7c18dbbb0262b424c78589c22902b7bb98591f0cc5a62c834c0b65e5f74,0
286,002aecefb7eda454013049ffe6243484f7f47d97158a5f96468815b12809ba93,1
287,002b0d5883820427536a2a4ce5b3cfaab73e1907cf8b561e86fc67d7898c13a0,0
288,002b2925950c4e319887f30494aba09a5629345a71a90eef5e899f54da3113f9,0
289,002b4831b4dbff67f987b2818b9d7d1075f6e6e7e32bde8638d6ce0fc2f4eb36,0
290,002b66a636237d16b2344db6c39210bae5f091c9caf8479e6066101b4a197ce0,1
291,002b930ad6a7e6551482b48a4dbf0f43003e80877f72244acab3cd43088249fb,0
292,002ba04d6b08c2c2fd24603ae2fb3dc53396342c9eb39ac5575f7bf07fa09e87,0
293,002bd199507ddd0e570085047ac57d8ba6c79890aa36df7e86f297442a3fd9da,1
294,002c2afa74ba1eb4cb6a17e51b9f5c77162f83aa5ab756abb6eb330352971e45,0
295,002c354aee001377ad35ed449c58ceef28fc483fe8d755f611cb63aebe83d898,0
296,002c56c946221a438f997882f6be23f162d91785ae7ec38a72244457d84b51d0,0
297,002c5fbf291478819754559d7abb08f6e6d8368b47d38143bfa7c1ee19a25470,1
298,002c6f85a397c09c84510575a7ae2d46702e0ad5e4ce5230ca99f2cf8905ddae,0
299,002cbbf6cb777d7789f9821d4edcffe5b9b607594fc53b6e75a0b5ed03ea96f1,0
300,002cdd75b5aff0edcd3c10ad0c5a05c48e23c86844689eaa34103a206606fe65,1
301,002cffc181268e68c0402dd09e8114e3be4c8407f2a7065fb9ad08e6858729ce,0
302,002d40e0f4aa8c81f44e09c6b90cf76bf9dcd1937cc904fb2c7902c307c5464d,1
303,002d43ecba89678f115a51dba7e87787220e8bbdf966b88dee723a57f12f891f,0
304,002d50aff000239afe145df23b63a4d178fc084a52b349803d3d851e7173db33,1
305,002d6c879b55da7dca6b7ae8bb5054a8ab9c5b24e0b15717f46c900f01977e59,0
306,002d86c8c1bbb7b72fa6d8684dfcf2bfbeb215597e7dcc37abc9edee6703bf95,0
307,002d91896f5792a0a8cf1f0ae0395a114a7e58cae4644ee19f857784097440ce,0
308,002da05f7452c77cd4acaf72567594c2b99ece16a870dd84c14c3755845a3e41,0
309,002daa6a5a4fb77c2d5e6dcc0c7c18101f804f6c967955b44193271bcd65d4f5,1
310,002df19719e0c4f38ebd26aefe15f12b9d0a76d78e7384832ff49ce43b21457d,1
311,002df8c3c81391f9d324b87da24a0f8e03433a047d131a89e9537f3c6871a99f,0
312,002e0d390fb2f8c6ecc5a60dc9a5ab1412c2a2de2486af1af96155ce2658b0a6,0
313,002e4014387dde9040ca3f17b87057efa00e0a317b049c20ce1bd6d9e999ed9e,0
314,002e4c7a834f780483e2a88a055f48b360b45c69bfdfa3f610a5253d2272b9b4,1
315,002e53f280c37fda8935a6c007da11496e295abb282416225af22f0e78f1448a,1
316,002e58f1488e06ba0ef0c3d8a19f49fcb1aa5ed35c6a31a43229e80eb067b011,0
317,002e667494c72bd58c8d85b9cdb7bee71da07c2c351fa9debfebbc1c23639dba,0
318,002e68ffe40c89b51dc6d1aa5abaa05f2455fa60f17baff170e60b7cc3277693,0
319,002e6c7e69fed262546d5c5892f4c68a9f7c8ad7cc647d9efa38ed0b40acfafa,0
320,002f16c99ff01e456cbbb2c6a623492f06d1d226411ef6c73574a2bf8e3fb7ce,0
321,002f580130df88c397eb3187992b0b53b9aba30386b782d98c600827e989a47d,0
322,002fb2476d25d1c16d7803f03cfc2443ce9ff6c7d209b29a642c015be64332a1,1
323,002fd67de9b539d117bd84d5cf6230088591bbb6c41ab12f6a8699d5e1ebee91,0
324,002ff6a118758f1a4f0823fa2af1ca1319f22df93f0a02af5a3f6ad52a367139,1
325,00305974968b8192860080ea2c08975092acb61aac1c9be6622770c3716b3201,1
326,0030b11b1076b97b4d9a7afe72ab455362877c109d7f698b528c2b0a0ca4974b,1
327,0030bd28242750e9770dd14ae5b9ae16f1fd29f26203fa2b984e3111db483040,0
328,00315d5801abdec8790f873ed4d3c1793d6aa541c94ef9654d353cce7f0c03a1,1
329,00316e721ccf7d9911008588b42cbb8966e1373dbeb460e484b5bf706687d226,0
330,0031f2c7b79d4b15188f04b1a48302836c07542e4ff97f307b1ab0f036b905fc,0
331,0031f2f97d9828b50f0a65d81c14e369af79abdd877a7e08872810ad747edce0,0
332,0031fb6d21624e95989be3c77e7cd2ae1cb50b12739541803a78909e272086ee,0
333,00329dcb99f46f998ebecdadc7882c640932b0eea2d4c800350933f95fef4b8c,0
334,0032e2195907ac2e53102d7c224191805f883a07ed274082c23b588735cb41cd,1
335,0032e60f9f2c7204d93194cccf4118efba938c8d0deedaa59787a6ba7daae74d,0
336,00332d2f96c998980cfacc9e91ba22afe73beda726ed2dee45cbceeee70cf1ff,0
337,0033a4ad2e579999fcf4bb7653af3eaac19fab594032a15a7a8f2f59b4e8fc3e,1
338,0033a54b7a8bf7499a55c2bc198ec5a7879e7395ef2e7e468762de63fd2c063a,0
339,0033b79c1e81f54092fa9251a781567a2225d8f9d5468ccc9a87ead6ba63e747,0
340,0033b8aa51505dda1bde94b7a963a00583318f1648e4441465a3077e18e9e2ee,0
341,0033da35db3a15c28cf5af0ff61baeeffcd078df78b61c70375ca6a14abb41c3,1
342,0033f440ac4cf87ba555f1cef179e20fbcb337ce87a8720fc5fa3b840f63b711,0
343,00341951b43c9632a7578f364d1fc0551731a2a415edd18a31e7733e65e39ab7,1
344,0034654040fc5a987e549323ac5ccdd24cea7207b3e4369e267eceac5cccc569,0
345,00347f22de6abe0d38d68cc8e284ee2e2d27acb4da3f669f1d7989ca930ff56a,0
346,003491636f5638e541423c45a53830303c05dc785e8e6745cfbf16a482e88eec,0
347,00349c9fc886c9a3a79337fe382e73d075fa92217a63a7327214524bdb1316fd,0
348,0034cd7fb57a114eb31e360664aa861bad6634c227437fda488b57258ea56275,0
349,0034f7e366a41d2500643c7dd0faa6302ce944743ccdf5c2bf60b52532742922,0
350,00351a596ea7014bbbb08b05cf0232718bfdcb5120891279c923fa006984e879,0
351,003539588ae1ce7175301dcfec50bbaec184878f9e9ba01188be2f6ebfe3f9ea,0
352,0035959e28e4ee910304471d7cc36a49c977dc7188315276cdf4ef824e77de89,1
353,0035f63615f807fefbc668882e83f7d0be07176e19391f4671d879d75ee28e80,0
354,0036151299f0985d4e2bff610a6f9bc6a221358a70085c4852fd026ac6fe1503,1
355,00361b1099b8aaca5e7577f4ff094df9c30899a60f65d29ce2baf95f495fd395,0
356,00368a9338bc4ee45b63c4586fe1c69dfb3bea243cd1dc0ec56c087ba855b5a9,0
357,00368d9e468abde29f62e6bd0695012c3b05d1ce95c79c79e38fcc117b314267,0
358,003691dc8e44b65db531fa7057c50c637310772ea7ea022a50977b2a7aea54bc,0
359,00369ad39c06372b95bcc6803f72378adc1fa19ed477235ffc0665b5a305716a,1
360,0036a3000b078ead26c1a8b3273fd125aef0d141c88a671a99d974fba0f4dd27,1
361,0036aa46cd16be50389b47930dc2b6ba5b0ead696b388940314dca170c80aec9,0
362,0036d60f593213599206540420a5ac8ede0f42bc4553945ff71fe4497547fbcf,0
363,0036eda1ee0ba83184bf6b7254a95454bd9c189061eddf6082b45e7eed023752,0
364,0036f5ee6b18386746cdafef5d5edee74a0722b60ad0ee4e3b86366876a8acae,0
365,003725d407762e4231400cbb803a3ac31c9e3e358771261d6ba641a84ea5bc1c,0
366,00374d27371a250d1b4f912448990e396f67c057cb77e1c73d8c72c0d03164c0,1
367,0037688172f02cad6a69ea7b848c1bcec8ffb8190c8e33a6e0f27a3ac9a4eb2d,0
368,00379a8eabaedbceccf2d13a1496a51643e2a832c577a269ccd12906231a5451,1
369,0037a425cf7a38eead71c97a01929df70263f53237bc0a3191d0ae7c4ecb290f,0
370,0037e0080bb0973f46cee0aa17c50fdfca769470af6bfae29b7b53f6d3848acd,0
371,0038076c133c894e0c5b18a45c40f9e3d94270a85bf8bcc534d3ff77bd142dd9,1
372,00381add71206762a785c997f2bad2fba44cd5d5235b3ee1d2789c1097b7a80d,0
373,00381f002b2db6c84bdc4dc1af4a7dcb6bdce74cd5d6893ed43de492aa49e5bd,0
374,0038bb758b0f7c3d346352f548af6e7e494a13ffbb2532ddf3535bcd488646ff,0
375,0038eafc06edb305212a3fee4e4c9a362b3140c6c935238c259dfe31809f7d68,1
376,00390aa89af3921a1109b733d8686223f25e4661889437c49b6d89fc37fa14ff,0
377,003931dae5e905bf7310a5162531382a35c015ad6f819c2ac4b4c927ee13d971,0
378,0039414efbbfe5194b78626f9f31122359c2c9e8f753ab6afead05497e22386e,1
379,00394e07aa3f71174f8bedfd16d64f194c80ad9445e17f299487d15709a49c00,1
380,00399a8792de8df82e7206f45a0687343b2d5446781323d71047d71f473f3936,1
381,0039a84045012a69e4c7bec971f021613fb0767a80cb88c7f0245d951844e2cf,0
382,003a317b168bc72785cbf9a05645c9b4e597d60d7a2cf023e7b5d34f8bb355ac,0
383,003a4978c32edab1d1e1f2a166f12a56349058d38e57bfbf459c3951c55c45ef,0
384,003a7cb628b0d1d6ad9709c63ef387d7b83f100fadaf457df5cae2a67cfa414a,1
385,003aabfc58b05ba200e495df58b6c46170622f5e95c67f5b1cdc3c0e1404f6be,1
386,003ab48d6219d622b3423bc336d19bdb90798ea1c3b301f5b73c72f5c01337de,1
387,003b13ef794a8713741694cb718c4b782de5de42c637b3bebd56a0b1a0b58d83,0
388,003b3aef993cc84359d774f6a1846c0ea00768f1459b6c4a1550bd9599bfbbd7,0
389,003b8acbe4a0440cc0793413cb667ff2aea374ff675c672aaf15f4468614245f,0
390,003bbd1b2d52941af2288c0bc80a391678dfcccd6711ae1cccbabf2a6dd1afc1,0
391,003c0f16d4880367a964225fa6144520f61813387e382ed32048535ef8ed34c1,0
392,003c505092f7f13c238d71e08814893db40d35740162a3973997ffc66c136985,0
393,003c826cfbd363ce035d9f5add8aa71d9d0d24f0d61fe6ef69e4d0cfa7627ab6,1
394,003cafd3bcacf475ea0e99737d88f2a6d1e24f3f798c83127650f8eca92926f8,1
395,003d23d840faeee6f45ff62dcf9bf1a12c3e506367195ebbf2f0dd981c9b33d9,0
396,003d320da59caf93ca96e9701bfd664c89861f0fd2b820407f1b849c765500a5,0
397,003d6a5c20006cc52ff14a9cc7210a1b932ef36f3a2b34b84329ca7a1bbf17de,1
398,003d6b4f885005b550a00fe3d1db08e307072ace00f32276e4f5f442239d1a71,0
399,003d73b980a0824c3aace3feb54d97c0b30aa926dee9ef2745ea5651cae6e596,1
400,003d93899b43f354d8d8530eb7ed5a0ca37f4c822dde10dd692b86be13e92a20,1
401,003db509d9130c332266ee14f7a4ee56a3251f10b77c3e2c65717d6760505703,1
402,003e0b13da0f506f754188eed55959f7f31715d71c4e341414c8280b4a46ba9c,0
403,003e9362be843dd4d44ec80df17cf1b2400d499d677de31a4633270a9ebe009a,0
404,003f2a26365f1aaa95510d19bbeef0ce4c37fb72f8d515548483dc405e392351,0
405,003f56dff9ddbe1ea99f99041e116f302b52abcfe4640fe478a805aa467a68ea,1
406,003f5df28d0b29eb0021cc20c2c79b53ea6eb05384e81c2f9bc8a96cb5643bdb,1
407,003f61c8ae858f303a359e09dda1c938d2af328e22a63eae4d3d094f05be66ba,0
408,003f7b33280fff05312b2b0d091c08feb864a99cc28e7ebc71a73a7dab41caa1,1
409,003facbe391d8543ce7eef765d3b782e9ce3ed52ee032d6a7e3ef58f9cf734de,1
410,003fb2fb61d1920280cfe5fb1a18aae1b93409f13bd0f30a08491438aca572d2,0
