Page,Id
!vote_en.wikipedia.org_all-access_all-agents_2017-01-01,bf4edcf969af
!vote_en.wikipedia.org_all-access_all-agents_2017-01-02,929ed2bf52b9
!vote_en.wikipedia.org_all-access_all-agents_2017-01-03,ff29d0f51d5c
!vote_en.wikipedia.org_all-access_all-agents_2017-01-04,e98873359be6
!vote_en.wikipedia.org_all-access_all-agents_2017-01-05,fa012434263a
!vote_en.wikipedia.org_all-access_all-agents_2017-01-06,48f1e93517a2
!vote_en.wikipedia.org_all-access_all-agents_2017-01-07,5def418fcb36
!vote_en.wikipedia.org_all-access_all-agents_2017-01-08,77bd08134351
!vote_en.wikipedia.org_all-access_all-agents_2017-01-09,5889e6dbb16f
!vote_en.wikipedia.org_all-access_all-agents_2017-01-10,5f21fef1d764
!vote_en.wikipedia.org_all-access_all-agents_2017-01-11,6f07e1b8815a
!vote_en.wikipedia.org_all-access_all-agents_2017-01-12,228e54b5dea0
!vote_en.wikipedia.org_all-access_all-agents_2017-01-13,da1b34963ed7
!vote_en.wikipedia.org_all-access_all-agents_2017-01-14,ab5ccefaa2db
!vote_en.wikipedia.org_all-access_all-agents_2017-01-15,cbf42873ebf1
!vote_en.wikipedia.org_all-access_all-agents_2017-01-16,ac67e35ed44e
!vote_en.wikipedia.org_all-access_all-agents_2017-01-17,88c098aa640d
!vote_en.wikipedia.org_all-access_all-agents_2017-01-18,7c72842a89d1
!vote_en.wikipedia.org_all-access_all-agents_2017-01-19,8ce002f2c329
!vote_en.wikipedia.org_all-access_all-agents_2017-01-20,5f72d9920560
!vote_en.wikipedia.org_all-access_all-agents_2017-01-21,f93afd7f5d9b
!vote_en.wikipedia.org_all-access_all-agents_2017-01-22,14011cb66f2d
!vote_en.wikipedia.org_all-access_all-agents_2017-01-23,0065551ac465
!vote_en.wikipedia.org_all-access_all-agents_2017-01-24,175f1872729e
!vote_en.wikipedia.org_all-access_all-agents_2017-01-25,31d756e83124
!vote_en.wikipedia.org_all-access_all-agents_2017-01-26,e186c2363c5e
!vote_en.wikipedia.org_all-access_all-agents_2017-01-27,3bce56c2b977
!vote_en.wikipedia.org_all-access_all-agents_2017-01-28,d497981dce77
!vote_en.wikipedia.org_all-access_all-agents_2017-01-29,c813cec10548
!vote_en.wikipedia.org_all-access_all-agents_2017-01-30,5123e0ed62c9
!vote_en.wikipedia.org_all-access_all-agents_2017-01-31,d9afcbdcb5fa
!vote_en.wikipedia.org_all-access_all-agents_2017-02-01,9cea49b145be
!vote_en.wikipedia.org_all-access_all-agents_2017-02-02,662d1762fe62
!vote_en.wikipedia.org_all-access_all-agents_2017-02-03,f11a8e84ce71
!vote_en.wikipedia.org_all-access_all-agents_2017-02-04,f5767abcc47a
!vote_en.wikipedia.org_all-access_all-agents_2017-02-05,5c8b09ee5606
!vote_en.wikipedia.org_all-access_all-agents_2017-02-06,543136d951a2
!vote_en.wikipedia.org_all-access_all-agents_2017-02-07,367a7aac0d12
!vote_en.wikipedia.org_all-access_all-agents_2017-02-08,2228d2279bcd
!vote_en.wikipedia.org_all-access_all-agents_2017-02-09,83845c1c3a5e
!vote_en.wikipedia.org_all-access_all-agents_2017-02-10,c81e6ace9542
!vote_en.wikipedia.org_all-access_all-agents_2017-02-11,e0db2882c6d5
!vote_en.wikipedia.org_all-access_all-agents_2017-02-12,7241dd6f9689
!vote_en.wikipedia.org_all-access_all-agents_2017-02-13,66cac602b17e
!vote_en.wikipedia.org_all-access_all-agents_2017-02-14,60a992e1191b
!vote_en.wikipedia.org_all-access_all-agents_2017-02-15,5905cba108cf
!vote_en.wikipedia.org_all-access_all-agents_2017-02-16,28d984d4f714
!vote_en.wikipedia.org_all-access_all-agents_2017-02-17,d2eb53b48c1b
!vote_en.wikipedia.org_all-access_all-agents_2017-02-18,0d2f1b595ba3
!vote_en.wikipedia.org_all-access_all-agents_2017-02-19,57b06c927c70
!vote_en.wikipedia.org_all-access_all-agents_2017-02-20,631c87cabf7f
!vote_en.wikipedia.org_all-access_all-agents_2017-02-21,1955bd7a9816
!vote_en.wikipedia.org_all-access_all-agents_2017-02-22,e80335ecc8ef
!vote_en.wikipedia.org_all-access_all-agents_2017-02-23,9245e4a0d121
!vote_en.wikipedia.org_all-access_all-agents_2017-02-24,452368dcf3be
!vote_en.wikipedia.org_all-access_all-agents_2017-02-25,83fb585dfc58
!vote_en.wikipedia.org_all-access_all-agents_2017-02-26,44a54e349d1b
!vote_en.wikipedia.org_all-access_all-agents_2017-02-27,31821ddbbda4
!vote_en.wikipedia.org_all-access_all-agents_2017-02-28,2414c3e6dd97
!vote_en.wikipedia.org_all-access_all-agents_2017-03-01,0cfde109bcf5
!vote_en.wikipedia.org_all-access_spider_2017-01-01,0323b4404f97
!vote_en.wikipedia.org_all-access_spider_2017-01-02,b4062ccc069e
!vote_en.wikipedia.org_all-access_spider_2017-01-03,38f87123a467
!vote_en.wikipedia.org_all-access_spider_2017-01-04,216e822463b2
!vote_en.wikipedia.org_all-access_spider_2017-01-05,a3c324619a90
!vote_en.wikipedia.org_all-access_spider_2017-01-06,7f39602bb877
!vote_en.wikipedia.org_all-access_spider_2017-01-07,1f54f77dce7b
!vote_en.wikipedia.org_all-access_spider_2017-01-08,d348d89fe988
!vote_en.wikipedia.org_all-access_spider_2017-01-09,a90511986560
!vote_en.wikipedia.org_all-access_spider_2017-01-10,9ae549b8f446
!vote_en.wikipedia.org_all-access_spider_2017-01-11,00547d152f35
!vote_en.wikipedia.org_all-access_spider_2017-01-12,3adce75e3b18
!vote_en.wikipedia.org_all-access_spider_2017-01-13,c67592a1860d
!vote_en.wikipedia.org_all-access_spider_2017-01-14,1d262113353b
!vote_en.wikipedia.org_all-access_spider_2017-01-15,d2a50f8b998e
!vote_en.wikipedia.org_all-access_spider_2017-01-16,30a2cec081b5
!vote_en.wikipedia.org_all-access_spider_2017-01-17,c5b578d915aa
!vote_en.wikipedia.org_all-access_spider_2017-01-18,f73410817d40
!vote_en.wikipedia.org_all-access_spider_2017-01-19,fb79e6121cb0
!vote_en.wikipedia.org_all-access_spider_2017-01-20,c000d85d93a6
!vote_en.wikipedia.org_all-access_spider_2017-01-21,d98a37f3ecb4
!vote_en.wikipedia.org_all-access_spider_2017-01-22,851fd616f338
!vote_en.wikipedia.org_all-access_spider_2017-01-23,331be32f9a22
!vote_en.wikipedia.org_all-access_spider_2017-01-24,f858c950dbd3
!vote_en.wikipedia.org_all-access_spider_2017-01-25,1b4bd720bddb
!vote_en.wikipedia.org_all-access_spider_2017-01-26,d730e653eb16
!vote_en.wikipedia.org_all-access_spider_2017-01-27,146fdea7a542
!vote_en.wikipedia.org_all-access_spider_2017-01-28,8c0f5d668c6f
!vote_en.wikipedia.org_all-access_spider_2017-01-29,4a3a21a3c9e8
!vote_en.wikipedia.org_all-access_spider_2017-01-30,a2802c06769f
!vote_en.wikipedia.org_all-access_spider_2017-01-31,1341e1930e29
!vote_en.wikipedia.org_all-access_spider_2017-02-01,ab06891af01a
!vote_en.wikipedia.org_all-access_spider_2017-02-02,8f05ff05a3fd
!vote_en.wikipedia.org_all-access_spider_2017-02-03,e45d72be6250
!vote_en.wikipedia.org_all-access_spider_2017-02-04,559f9add3d7d
!vote_en.wikipedia.org_all-access_spider_2017-02-05,13a104478972
!vote_en.wikipedia.org_all-access_spider_2017-02-06,fa681d9e7182
!vote_en.wikipedia.org_all-access_spider_2017-02-07,56d00d0e37c9
!vote_en.wikipedia.org_all-access_spider_2017-02-08,6dfe1ea1efa3
!vote_en.wikipedia.org_all-access_spider_2017-02-09,fcc8e4ed2874
