Page,Id
007_ã¹ãã¯ã¿ã¼_ja.wikipedia.org_all-access_all-agents_2017-09-13,0b293039387a
007_ã¹ãã¯ã¿ã¼_ja.wikipedia.org_all-access_all-agents_2017-09-14,7114389dd824
007_ã¹ãã¯ã¿ã¼_ja.wikipedia.org_all-access_all-agents_2017-09-15,057b02ff1f09
007_ã¹ãã¯ã¿ã¼_ja.wikipedia.org_all-access_all-agents_2017-09-16,bd2aca21caa3
007_ã¹ãã¯ã¿ã¼_ja.wikipedia.org_all-access_all-agents_2017-09-17,c0effb42cdd5
007_ã¹ãã¯ã¿ã¼_ja.wikipedia.org_all-access_all-agents_2017-09-18,4ccd369adefc
007_ã¹ãã¯ã¿ã¼_ja.wikipedia.org_all-access_all-agents_2017-09-19,67d5c2ebc330
007_ã¹ãã¯ã¿ã¼_ja.wikipedia.org_all-access_all-agents_2017-09-20,1c51606e416b
007_ã¹ãã¯ã¿ã¼_ja.wikipedia.org_all-access_all-agents_2017-09-21,0f27b91481db
007_ã¹ãã¯ã¿ã¼_ja.wikipedia.org_all-access_all-agents_2017-09-22,07f5f08a49fa
007_ã¹ãã¯ã¿ã¼_ja.wikipedia.org_all-access_all-agents_2017-09-23,de5e0bd4769d
007_ã¹ãã¯ã¿ã¼_ja.wikipedia.org_all-access_all-agents_2017-09-24,4992950a2651
007_ã¹ãã¯ã¿ã¼_ja.wikipedia.org_all-access_all-agents_2017-09-25,6d53bd4dc888
007_ã¹ãã¯ã¿ã¼_ja.wikipedia.org_all-access_all-agents_2017-09-26,1bbd6403124c
007_ã¹ãã¯ã¿ã¼_ja.wikipedia.org_all-access_all-agents_2017-09-27,e8e7ff40facc
007_ã¹ãã¯ã¿ã¼_ja.wikipedia.org_all-access_all-agents_2017-09-28,8a4b1c6af656
007_ã¹ãã¯ã¿ã¼_ja.wikipedia.org_all-access_all-agents_2017-09-29,1e24475ddb8c
007_ã¹ãã¯ã¿ã¼_ja.wikipedia.org_all-access_all-agents_2017-09-30,02e034fdd2c4
007_ã¹ãã¯ã¿ã¼_ja.wikipedia.org_all-access_all-agents_2017-10-01,1cc7eb149dbd
007_ã¹ãã¯ã¿ã¼_ja.wikipedia.org_all-access_all-agents_2017-10-02,fb518bfef5ab
007_ã¹ãã¯ã¿ã¼_ja.wikipedia.org_all-access_all-agents_2017-10-03,1d1f1519ac13
007_ã¹ãã¯ã¿ã¼_ja.wikipedia.org_all-access_all-agents_2017-10-04,ac35a6c2b36c
007_ã¹ãã¯ã¿ã¼_ja.wikipedia.org_all-access_all-agents_2017-10-05,5ff1782a4045
007_ã¹ãã¯ã¿ã¼_ja.wikipedia.org_all-access_all-agents_2017-10-06,148aa06a6a65
007_ã¹ãã¯ã¿ã¼_ja.wikipedia.org_all-access_all-agents_2017-10-07,b94a0af77529
007_ã¹ãã¯ã¿ã¼_ja.wikipedia.org_all-access_all-agents_2017-10-08,0a214bdcec3d
007_ã¹ãã¯ã¿ã¼_ja.wikipedia.org_all-access_all-agents_2017-10-09,6562a45df4fd
007_ã¹ãã¯ã¿ã¼_ja.wikipedia.org_all-access_all-agents_2017-10-10,220e7ae73a6d
007_ã¹ãã¯ã¿ã¼_ja.wikipedia.org_all-access_all-agents_2017-10-11,435af699b0f2
007_ã¹ãã¯ã¿ã¼_ja.wikipedia.org_all-access_all-agents_2017-10-12,a2c44639e9e4
007_ã¹ãã¯ã¿ã¼_ja.wikipedia.org_all-access_all-agents_2017-10-13,10a00393121a
007_ã¹ãã¯ã¿ã¼_ja.wikipedia.org_all-access_all-agents_2017-10-14,e45e79576814
007_ã¹ãã¯ã¿ã¼_ja.wikipedia.org_all-access_all-agents_2017-10-15,8c24a7911707
007_ã¹ãã¯ã¿ã¼_ja.wikipedia.org_all-access_all-agents_2017-10-16,c02d6ac6bc14
007_ã¹ãã¯ã¿ã¼_ja.wikipedia.org_all-access_all-agents_2017-10-17,71e2d119c231
007_ã¹ãã¯ã¿ã¼_ja.wikipedia.org_all-access_all-agents_2017-10-18,84fbf152bba2
007_ã¹ãã¯ã¿ã¼_ja.wikipedia.org_all-access_all-agents_2017-10-19,6995ee0a77a8
007_ã¹ãã¯ã¿ã¼_ja.wikipedia.org_all-access_all-agents_2017-10-20,f509f25c473f
007_ã¹ãã¯ã¿ã¼_ja.wikipedia.org_all-access_all-agents_2017-10-21,94ed55e17ca2
007_ã¹ãã¯ã¿ã¼_ja.wikipedia.org_all-access_all-agents_2017-10-22,2c2b1a8a9faa
007_ã¹ãã¯ã¿ã¼_ja.wikipedia.org_all-access_all-agents_2017-10-23,3cd7c8a2ad98
007_ã¹ãã¯ã¿ã¼_ja.wikipedia.org_all-access_all-agents_2017-10-24,2de83ba0981b
007_ã¹ãã¯ã¿ã¼_ja.wikipedia.org_all-access_all-agents_2017-10-25,86ea11579c7e
007_ã¹ãã¯ã¿ã¼_ja.wikipedia.org_all-access_all-agents_2017-10-26,e08b8001e1d7
007_ã¹ãã¯ã¿ã¼_ja.wikipedia.org_all-access_all-agents_2017-10-27,ca2f20c06075
007_ã¹ãã¯ã¿ã¼_ja.wikipedia.org_all-access_all-agents_2017-10-28,c8363ab90343
007_ã¹ãã¯ã¿ã¼_ja.wikipedia.org_all-access_all-agents_2017-10-29,d49e97b96906
007_ã¹ãã¯ã¿ã¼_ja.wikipedia.org_all-access_all-agents_2017-10-30,9b8e18c9c86c
007_ã¹ãã¯ã¿ã¼_ja.wikipedia.org_all-access_all-agents_2017-10-31,c3fb78e23cbf
007_ã¹ãã¯ã¿ã¼_ja.wikipedia.org_all-access_all-agents_2017-11-01,156887cf95a4
007_ã¹ãã¯ã¿ã¼_ja.wikipedia.org_all-access_all-agents_2017-11-02,6670c86199c8
007_ã¹ãã¯ã¿ã¼_ja.wikipedia.org_all-access_all-agents_2017-11-03,f7150eb7ceee
007_ã¹ãã¯ã¿ã¼_ja.wikipedia.org_all-access_all-agents_2017-11-04,255c803394b0
007_ã¹ãã¯ã¿ã¼_ja.wikipedia.org_all-access_all-agents_2017-11-05,9e22b01971f4
007_ã¹ãã¯ã¿ã¼_ja.wikipedia.org_all-access_all-agents_2017-11-06,9d6828286480
007_ã¹ãã¯ã¿ã¼_ja.wikipedia.org_all-access_all-agents_2017-11-07,0a64a1c903a9
007_ã¹ãã¯ã¿ã¼_ja.wikipedia.org_all-access_all-agents_2017-11-08,e2b0a8953036
007_ã¹ãã¯ã¿ã¼_ja.wikipedia.org_all-access_all-agents_2017-11-09,62a4d7c6a415
007_ã¹ãã¯ã¿ã¼_ja.wikipedia.org_all-access_all-agents_2017-11-10,9473a6aefd12
007_ã¹ãã¯ã¿ã¼_ja.wikipedia.org_all-access_all-agents_2017-11-11,91669e6d7227
007_ã¹ãã¯ã¿ã¼_ja.wikipedia.org_all-access_all-agents_2017-11-12,7867b6c7b49d
007_ã¹ãã¯ã¿ã¼_ja.wikipedia.org_all-access_all-agents_2017-11-13,907048145f8f
007_ã¹ãã¯ã¿ã¼_ja.wikipedia.org_all-access_spider_2017-09-13,098d9a6c9f03
007_ã¹ãã¯ã¿ã¼_ja.wikipedia.org_all-access_spider_2017-09-14,8c2cc3d72ba4
007_ã¹ãã¯ã¿ã¼_ja.wikipedia.org_all-access_spider_2017-09-15,9758da15f7b6
007_ã¹ãã¯ã¿ã¼_ja.wikipedia.org_all-access_spider_2017-09-16,a59ad481ddc2
007_ã¹ãã¯ã¿ã¼_ja.wikipedia.org_all-access_spider_2017-09-17,da390e3b4458
007_ã¹ãã¯ã¿ã¼_ja.wikipedia.org_all-access_spider_2017-09-18,defe2144e770
007_ã¹ãã¯ã¿ã¼_ja.wikipedia.org_all-access_spider_2017-09-19,44e5e5e0fea2
007_ã¹ãã¯ã¿ã¼_ja.wikipedia.org_all-access_spider_2017-09-20,2c71935e33ca
007_ã¹ãã¯ã¿ã¼_ja.wikipedia.org_all-access_spider_2017-09-21,4880b67372f7
007_ã¹ãã¯ã¿ã¼_ja.wikipedia.org_all-access_spider_2017-09-22,e1c04be2ca16
007_ã¹ãã¯ã¿ã¼_ja.wikipedia.org_all-access_spider_2017-09-23,93e64389ec29
007_ã¹ãã¯ã¿ã¼_ja.wikipedia.org_all-access_spider_2017-09-24,f2df48e19a66
007_ã¹ãã¯ã¿ã¼_ja.wikipedia.org_all-access_spider_2017-09-25,f003dfd8d657
007_ã¹ãã¯ã¿ã¼_ja.wikipedia.org_all-access_spider_2017-09-26,1ac7050beca5
007_ã¹ãã¯ã¿ã¼_ja.wikipedia.org_all-access_spider_2017-09-27,939d56a52b50
007_ã¹ãã¯ã¿ã¼_ja.wikipedia.org_all-access_spider_2017-09-28,e997ada5860d
007_ã¹ãã¯ã¿ã¼_ja.wikipedia.org_all-access_spider_2017-09-29,b42a30d3c4ed
007_ã¹ãã¯ã¿ã¼_ja.wikipedia.org_all-access_spider_2017-09-30,3d2b67dbe3c2
007_ã¹ãã¯ã¿ã¼_ja.wikipedia.org_all-access_spider_2017-10-01,9f15b46e4f12
007_ã¹ãã¯ã¿ã¼_ja.wikipedia.org_all-access_spider_2017-10-02,d7f23d28834e
007_ã¹ãã¯ã¿ã¼_ja.wikipedia.org_all-access_spider_2017-10-03,e682d9339bdd
007_ã¹ãã¯ã¿ã¼_ja.wikipedia.org_all-access_spider_2017-10-04,4b49ab4d1c9c
007_ã¹ãã¯ã¿ã¼_ja.wikipedia.org_all-access_spider_2017-10-05,e39cf6df845e
007_ã¹ãã¯ã¿ã¼_ja.wikipedia.org_all-access_spider_2017-10-06,6d5bafa38efb
007_ã¹ãã¯ã¿ã¼_ja.wikipedia.org_all-access_spider_2017-10-07,f181012712ea
007_ã¹ãã¯ã¿ã¼_ja.wikipedia.org_all-access_spider_2017-10-08,9573821e114c
007_ã¹ãã¯ã¿ã¼_ja.wikipedia.org_all-access_spider_2017-10-09,9fe3d46fb877
007_ã¹ãã¯ã¿ã¼_ja.wikipedia.org_all-access_spider_2017-10-10,7d513b9b5d8b
007_ã¹ãã¯ã¿ã¼_ja.wikipedia.org_all-access_spider_2017-10-11,9aef75405cad
007_ã¹ãã¯ã¿ã¼_ja.wikipedia.org_all-access_spider_2017-10-12,52c91ef97fbd
007_ã¹ãã¯ã¿ã¼_ja.wikipedia.org_all-access_spider_2017-10-13,5f75c1857070
007_ã¹ãã¯ã¿ã¼_ja.wikipedia.org_all-access_spider_2017-10-14,27dcb6b58bd2
007_ã¹ãã¯ã¿ã¼_ja.wikipedia.org_all-access_spider_2017-10-15,37c842383f21
007_ã¹ãã¯ã¿ã¼_ja.wikipedia.org_all-access_spider_2017-10-16,8268a84d0b0f
007_ã¹ãã¯ã¿ã¼_ja.wikipedia.org_all-access_spider_2017-10-17,35aa19681e76
007_ã¹ãã¯ã¿ã¼_ja.wikipedia.org_all-access_spider_2017-10-18,11c6574ac6ad
007_ã¹ãã¯ã¿ã¼_ja.wikipedia.org_all-access_spider_2017-10-19,458a65e97648
007_ã¹ãã¯ã¿ã¼_ja.wikipedia.org_all-access_spider_2017-10-20,bb9038bbbfad
