Id,Visits
0b293039387a,0
7114389dd824,0
057b02ff1f09,0
bd2aca21caa3,0
c0effb42cdd5,0
4ccd369adefc,0
67d5c2ebc330,0
1c51606e416b,0
0f27b91481db,0
07f5f08a49fa,0
de5e0bd4769d,0
4992950a2651,0
6d53bd4dc888,0
1bbd6403124c,0
e8e7ff40facc,0
8a4b1c6af656,0
1e24475ddb8c,0
02e034fdd2c4,0
1cc7eb149dbd,0
fb518bfef5ab,0
1d1f1519ac13,0
ac35a6c2b36c,0
5ff1782a4045,0
148aa06a6a65,0
b94a0af77529,0
0a214bdcec3d,0
6562a45df4fd,0
220e7ae73a6d,0
435af699b0f2,0
a2c44639e9e4,0
10a00393121a,0
e45e79576814,0
8c24a7911707,0
c02d6ac6bc14,0
71e2d119c231,0
84fbf152bba2,0
6995ee0a77a8,0
f509f25c473f,0
94ed55e17ca2,0
2c2b1a8a9faa,0
3cd7c8a2ad98,0
2de83ba0981b,0
86ea11579c7e,0
e08b8001e1d7,0
ca2f20c06075,0
c8363ab90343,0
d49e97b96906,0
9b8e18c9c86c,0
c3fb78e23cbf,0
156887cf95a4,0
6670c86199c8,0
f7150eb7ceee,0
255c803394b0,0
9e22b01971f4,0
9d6828286480,0
0a64a1c903a9,0
e2b0a8953036,0
62a4d7c6a415,0
9473a6aefd12,0
91669e6d7227,0
7867b6c7b49d,0
907048145f8f,0
098d9a6c9f03,0
8c2cc3d72ba4,0
9758da15f7b6,0
a59ad481ddc2,0
da390e3b4458,0
defe2144e770,0
44e5e5e0fea2,0
2c71935e33ca,0
4880b67372f7,0
e1c04be2ca16,0
93e64389ec29,0
f2df48e19a66,0
f003dfd8d657,0
1ac7050beca5,0
939d56a52b50,0
e997ada5860d,0
b42a30d3c4ed,0
3d2b67dbe3c2,0
9f15b46e4f12,0
d7f23d28834e,0
e682d9339bdd,0
4b49ab4d1c9c,0
e39cf6df845e,0
6d5bafa38efb,0
f181012712ea,0
9573821e114c,0
9fe3d46fb877,0
7d513b9b5d8b,0
9aef75405cad,0
52c91ef97fbd,0
5f75c1857070,0
27dcb6b58bd2,0
37c842383f21,0
8268a84d0b0f,0
35aa19681e76,0
11c6574ac6ad,0
458a65e97648,0
bb9038bbbfad,0
